{
    "1": {
        "contrast": {
            "b": -0.071,
            "g": -0.14,
            "r": -0.137
        },
        "covariance_matrix": [
            [
                0.00043690708813418295,
                0.00013442550316341518,
                3.640871553385172e-05
            ],
            [
                0.00013442550316341518,
                0.00023107833499992487,
                9.354030315496938e-05
            ],
            [
                3.640871553385172e-05,
                9.354030315496936e-05,
                0.0003320244165912582
            ]
        ]
    },
    "2": {
        "contrast": {
            "b": -0.152,
            "g": -0.264,
            "r": -0.248
        },
        "covariance_matrix": [
            [
                0.0008328732295338676,
                0.00025254658263370265,
                -0.00011751135771427775
            ],
            [
                0.00025254658263370265,
                0.0002369906495868485,
                2.030565474167504e-05
            ],
            [
                -0.00011751135771427775,
                2.030565474167504e-05,
                0.00031832333867950097
            ]
        ]
    },
    "3": {
        "contrast": {
            "b": -0.216,
            "g": -0.368,
            "r": -0.347
        },
        "covariance_matrix": [
            [
                0.0013438145132320882,
                0.0003876553710589909,
                -0.00017056175302890137
            ],
            [
                0.0003876553710589909,
                0.00027824710350493256,
                1.567135606074001e-06
            ],
            [
                -0.00017056175302890137,
                1.5671356060739976e-06,
                0.0003016258829573738
            ]
        ]
    },
    "4": {
        "contrast": {
            "b": -0.272,
            "g": -0.465,
            "r": -0.436
        },
        "covariance_matrix": [
            [
                0.0010399285512173939,
                0.00038128261246451735,
                4.529938289991867e-05
            ],
            [
                0.00038128261246451735,
                0.0002952529548842852,
                4.883854391652727e-05
            ],
            [
                4.529938289991866e-05,
                4.883854391652727e-05,
                0.0002183833746245863
            ]
        ]
    }
}