{
    "1": {
        "contrast": {
            "b": -0.619,
            "g": -0.488,
            "r": -0.41
        },
        "covariance_matrix": [
            [
                0.0013943143006492663,
                0.00024207378573972997,
                0.00024184476277919748
            ],
            [
                0.00024207378573972997,
                0.000520745896756266,
                0.0004564208141081697
            ],
            [
                0.00024184476277919748,
                0.0004564208141081697,
                0.0005950272179639355
            ]
        ]
    },
    "2": {
        "contrast": {
            "b": -0.835,
            "g": -0.778,
            "r": -0.677
        },
        "covariance_matrix": [
            [
                0.0020108030509172164,
                -9.938319875447205e-05,
                -0.00017232931228820182
            ],
            [
                -9.938319875447206e-05,
                0.0002741520907901522,
                0.0002493094252088837
            ],
            [
                -0.00017232931228820182,
                0.0002493094252088837,
                0.00046321122616277166
            ]
        ]
    },
    "3": {
        "contrast": {
            "b": -0.838,
            "g": -0.907,
            "r": -0.843
        },
        "covariance_matrix": [
            [
                0.0032254118247220503,
                0.000576477854811842,
                3.0753043102054405e-05
            ],
            [
                0.000576477854811842,
                0.00022828265192260542,
                8.69668923238318e-05
            ],
            [
                3.07530431020544e-05,
                8.696689232383182e-05,
                0.0002732799231767152
            ]
        ]
    }
}